Filter,LUTS,DSPs,data path delay,Total On-Chip Power (W),Device Static (W),Dynamic (W), Clocks (dyn), Logic (dyn), Signals (dyn),i DSPs, I/0 (dyn)
BULL91_32_mcm.vhdl,108,0,11.306ns,0.578,0.244,0.334,0,0.002,0.01,,0.322
BULL91_32_mcmad.vhdl,108,0,11.306ns,0.578,0.244,0.334,0,0.002,0.01,,0.322
BULL91_32_mcmbad.vhdl,98,0,11.579ns,0.617,0.245,0.373,0,0.003,0.012,,0.358
BULL91_32_tmcmad1.vhdl,85,0,10.830ns,0.552,0.244,0.308,0,0.002,0.009,,0.297
BULL91_32_tmcmad2.vhdl,75,0,10.161ns,0.569,0.244,0.325,0,0.003,0.01,,0.313
BULL91_32_tmcmad4.vhdl,96,0,10.963ns,0.608,0.245,0.364,0,0.003,0.011,,0.35
CHANG06_3_mcm.vhdl,73,0,8.228ns,0.416,0.243,0.173,0,0.002,0.005,,0.166
CHANG06_3_mcmad.vhdl,73,0,8.228ns,0.416,0.243,0.173,0,0.002,0.005,,0.166
CHANG06_3_mcmbad.vhdl,65,0,8.689ns,0.415,0.243,0.172,0,0.002,0.005,,0.165
CHANG06_3_tmcmad1.vhdl,47,0,8.446ns,0.369,0.243,0.126,0,0.001,0.003,,0.121
CHANG06_3_tmcmad2.vhdl,47,0,8.446ns,0.369,0.243,0.126,0,0.001,0.003,,0.121
CHANG06_3_tmcmad4.vhdl,67,0,8.980ns,0.41,0.243,0.167,0,0.002,0.005,,0.16
CHEN99_15_mcm.vhdl,66,0,8.925ns,0.436,0.243,0.192,0,0.002,0.005,,0.186
CHEN99_15_mcmad.vhdl,66,0,8.925ns,0.436,0.243,0.192,0,0.002,0.005,,0.186
CHEN99_15_mcmbad.vhdl,66,0,8.925ns,0.436,0.243,0.192,0,0.002,0.005,,0.186
CHEN99_15_tmcmad1.vhdl,55,0,8.709ns,0.412,0.243,0.169,0,0.001,0.004,,0.163
CHEN99_15_tmcmad2.vhdl,55,0,8.709ns,0.412,0.243,0.169,0,0.001,0.004,,0.163
CHEN99_15_tmcmad4.vhdl,59,0,9.348ns,0.421,0.243,0.178,0,0.001,0.004,,0.172
CHEN99_28A_mcm.vhdl,100,0,10.185ns,0.615,0.245,0.371,0,0.003,0.011,,0.356
CHEN99_28A_mcmad.vhdl,99,0,10.706ns,0.614,0.245,0.37,0,0.003,0.011,,0.355
CHEN99_28A_mcmbad.vhdl,87,0,10.479ns,0.604,0.245,0.359,0,0.003,0.011,,0.346
CHEN99_28A_tmcmad1.vhdl,76,0,10.954ns,0.557,0.244,0.313,0,0.003,0.009,,0.302
CHEN99_28A_tmcmad2.vhdl,69,0,11.433ns,0.551,0.244,0.307,0,0.002,0.008,,0.297
CHEN99_28A_tmcmad4.vhdl,87,0,10.479ns,0.604,0.245,0.359,0,0.003,0.011,,0.346
CHEN99_28B_mcm.vhdl,,,,,,,,,,,
CHEN99_28B_mcmad.vhdl,111,0,9.087ns,0.605,0.245,0.36,0,0.003,0.009,,0.348
CHEN99_28B_mcmbad.vhdl,105,0,10.417ns,0.616,0.245,0.371,0,0.003,0.011,,0.357
CHEN99_28B_tmcmad1.vhdl,53,0,9.205ns,0.501,0.244,0.258,0,0.002,0.007,,0.249
CHEN99_28B_tmcmad2.vhdl,62,0,8.638ns,0.526,0.244,0.282,0,0.002,0.008,,0.273
CHEN99_28B_tmcmad4.vhdl,97,0,10.007ns,0.584,0.244,0.34,0,0.002,0.01,,0.328
CHENYAO01_28A_mcm.vhdl,83,0,7.719ns,0.515,0.244,0.271,0,0.002,0.006,,0.263
CHENYAO01_28A_mcmad.vhdl,83,0,7.719ns,0.515,0.244,0.271,0,0.002,0.006,,0.263
CHENYAO01_28A_mcmbad.vhdl,76,0,9.552ns,0.527,0.244,0.283,0,0.002,0.007,,0.273
CHENYAO01_28A_tmcmad1.vhdl,74,0,9.656ns,0.525,0.244,0.281,0,0.002,0.007,,0.272
CHENYAO01_28A_tmcmad2.vhdl,69,0,9.347ns,0.51,0.244,0.266,0,0.002,0.007,,0.257
CHENYAO01_28A_tmcmad4.vhdl,76,0,8.614ns,0.508,0.244,0.264,0,0.002,0.006,,0.256
CHENYAO01_28B_mcm.vhdl,97,0,10.147ns,0.552,0.244,0.308,0,0.002,0.008,,0.298
CHENYAO01_28B_mcmad.vhdl,97,0,10.147ns,0.552,0.244,0.308,0,0.002,0.008,,0.298
CHENYAO01_28B_mcmbad.vhdl,90,0,9.322ns,0.572,0.244,0.328,0,0.002,0.008,,0.317
CHENYAO01_28B_tmcmad1.vhdl,69,0,9.679ns,0.516,0.244,0.272,0,0.002,0.006,,0.264
CHENYAO01_28B_tmcmad2.vhdl,69,0,9.679ns,0.516,0.244,0.272,0,0.002,0.006,,0.264
CHENYAO01_28B_tmcmad4.vhdl,86,0,9.617ns,0.543,0.244,0.299,0,0.002,0.007,,0.29
DEMPSTER02_25_mcm.vhdl,271,0,13.256ns,0.994,0.247,0.746,0,0.007,0.031,,0.708
DEMPSTER02_25_mcmad.vhdl,271,0,13.256ns,0.994,0.247,0.746,0,0.007,0.031,,0.708
DEMPSTER02_25_mcmbad.vhdl,236,0,15.238ns,1.014,0.247,0.767,0,0.008,0.036,,0.723
DEMPSTER02_25_tmcmad1.vhdl,160,0,14.724ns,0.759,0.246,0.513,0,0.006,0.022,,0.485
DEMPSTER02_25_tmcmad2.vhdl,167,0,14.001ns,0.752,0.246,0.506,0,0.006,0.025,,0.475
DEMPSTER02_25_tmcmad4.vhdl,227,0,13.044ns,0.936,0.247,0.689,0,0.007,0.028,,0.654
DEMPSTER04_A3_mcm.vhdl,45,0,8.134ns,0.372,0.243,0.129,0,0.001,0.003,,0.125
DEMPSTER04_A3_mcmad.vhdl,45,0,8.134ns,0.372,0.243,0.129,0,0.001,0.003,,0.125
DEMPSTER04_A3_mcmbad.vhdl,45,0,8.134ns,0.372,0.243,0.129,0,0.001,0.003,,0.125
DEMPSTER04_A3_tmcmad1.vhdl,38,0,7.967ns,0.354,0.243,0.111,0,0.001,0.003,,0.108
DEMPSTER04_A3_tmcmad2.vhdl,36,0,8.298ns,0.349,0.243,0.106,0,0.001,0.002,,0.103
DEMPSTER04_A3_tmcmad4.vhdl,40,0,8.153ns,0.362,0.243,0.119,0,0.001,0.003,,0.115
DEMPSTER04_B3_mcm.vhdl,50,0,9.011ns,0.391,0.243,0.148,0,0.002,0.003,,0.143
DEMPSTER04_B3_mcmad.vhdl,47,0,8.153ns,0.381,0.243,0.138,0,0.001,0.003,,0.134
DEMPSTER04_B3_mcmbad.vhdl,46,0,8.926ns,0.382,0.243,0.139,0,0.001,0.003,,0.134
DEMPSTER04_B3_tmcmad1.vhdl,43,0,9.126ns,0.377,0.243,0.134,0,0.001,0.003,,0.13
DEMPSTER04_B3_tmcmad2.vhdl,41,0,8.851ns,0.374,0.243,0.131,0,0.001,0.003,,0.127
DEMPSTER04_B3_tmcmad4.vhdl,42,0,8.963ns,0.374,0.243,0.13,0,0.001,0.003,,0.126
DEMPSTER04_C3_mcm.vhdl,94,0,9.826ns,0.446,0.244,0.202,0,0.003,0.006,,0.193
DEMPSTER04_C3_mcmad.vhdl,76,0,9.390ns,0.431,0.243,0.188,0,0.002,0.005,,0.181
DEMPSTER04_C3_mcmbad.vhdl,84,0,9.936ns,0.434,0.243,0.191,0,0.003,0.005,,0.183
DEMPSTER04_C3_tmcmad1.vhdl,51,0,9.236ns,0.374,0.243,0.131,0,0.002,0.004,,0.126
DEMPSTER04_C3_tmcmad2.vhdl,51,0,9.236ns,0.374,0.243,0.131,0,0.002,0.004,,0.126
DEMPSTER04_C3_tmcmad4.vhdl,77,0,9.768ns,0.418,0.243,0.174,0,0.002,0.005,,0.167
DEMPSTER04_D3_mcm.vhdl,70,0,8.735ns,0.407,0.243,0.163,0,0.002,0.004,,0.158
DEMPSTER04_D3_mcmad.vhdl,70,0,8.735ns,0.407,0.243,0.163,0,0.002,0.004,,0.158
DEMPSTER04_D3_mcmbad.vhdl,70,0,8.735ns,0.407,0.243,0.163,0,0.002,0.004,,0.158
DEMPSTER04_D3_tmcmad1.vhdl,57,0,8.324ns,0.378,0.243,0.135,0,0.002,0.004,,0.13
DEMPSTER04_D3_tmcmad2.vhdl,56,0,8.797ns,0.376,0.243,0.133,0,0.002,0.003,,0.128
DEMPSTER04_D3_tmcmad4.vhdl,68,0,8.802ns,0.401,0.243,0.158,0,0.002,0.004,,0.152
DEMPSTER04_E3_tmcmad1.vhdl,91,0,10.019ns,0.431,0.243,0.188,0,0.003,0.006,,0.179
DEMPSTER04_E3_tmcmad2.vhdl,92,0,9.543ns,0.407,0.243,0.164,0,0.004,0.006,,0.155
DEMPSTER04_E3_tmcmad4.vhdl,117,0,10.355ns,0.463,0.244,0.219,0,0.004,0.008,,0.207
DEMPSTER04_F3_tmcmad1.vhdl,72,0,9.228ns,0.386,0.243,0.143,0,0.002,0.005,,0.136
DEMPSTER04_F3_tmcmad2.vhdl,83,0,9.089ns,0.406,0.243,0.163,0,0.003,0.005,,0.155
DEMPSTER04_F3_tmcmad4.vhdl,113,0,9.283ns,0.448,0.244,0.205,0,0.004,0.006,,0.195
DEMPSTER04_G4_mcm.vhdl,130,0,8.673ns,0.509,0.244,0.266,0,0.004,0.008,,0.254
DEMPSTER04_G4_mcmad.vhdl,130,0,8.673ns,0.509,0.244,0.266,0,0.004,0.008,,0.254
DEMPSTER04_G4_mcmbad.vhdl,124,0,9.412ns,0.525,0.244,0.281,0,0.004,0.009,,0.268
DEMPSTER04_G4_tmcmad1.vhdl,90,0,8.620ns,0.435,0.243,0.191,0,0.003,0.006,,0.183
DEMPSTER04_G4_tmcmad2.vhdl,83,0,8.918ns,0.413,0.243,0.17,0,0.002,0.005,,0.162
DEMPSTER04_G4_tmcmad4.vhdl,117,0,9.404ns,0.498,0.244,0.254,0,0.004,0.008,,0.242
DEMPSTER04_H4_mcm.vhdl,142,0,10.199ns,0.524,0.244,0.28,0,0.004,0.01,,0.267
DEMPSTER04_H4_mcmad.vhdl,142,0,10.199ns,0.524,0.244,0.28,0,0.004,0.01,,0.267
DEMPSTER04_H4_mcmbad.vhdl,142,0,10.199ns,0.524,0.244,0.28,0,0.004,0.01,,0.267
DEMPSTER04_H4_tmcmad1.vhdl,100,0,9.814ns,0.451,0.244,0.207,0,0.003,0.007,,0.197
DEMPSTER04_H4_tmcmad2.vhdl,110,0,9.010ns,0.453,0.244,0.21,0,0.003,0.007,,0.199
DEMPSTER04_H4_tmcmad4.vhdl,135,0,10.109ns,0.503,0.244,0.259,0,0.004,0.008,,0.247
DEMPSTER04_I5_mcm.vhdl,136,0,9.467ns,0.531,0.244,0.287,0,0.003,0.009,,0.275
DEMPSTER04_I5_mcmad.vhdl,136,0,9.467ns,0.531,0.244,0.287,0,0.003,0.009,,0.275
DEMPSTER04_I5_mcmbad.vhdl,113,0,9.449ns,0.53,0.244,0.286,0,0.003,0.009,,0.274
DEMPSTER04_I5_tmcmad1.vhdl,82,0,8.559ns,0.437,0.243,0.193,0,0.003,0.006,,0.185
DEMPSTER04_I5_tmcmad2.vhdl,88,0,8.521ns,0.426,0.243,0.183,0,0.003,0.006,,0.174
DEMPSTER04_I5_tmcmad4.vhdl,118,0,8.871ns,0.504,0.244,0.26,0,0.003,0.008,,0.248
DEMPSTER04_J5_mcm.vhdl,103,0,11.618ns,0.549,0.244,0.305,0,0.004,0.009,,0.292
DEMPSTER04_J5_mcmad.vhdl,111,0,9.687ns,0.537,0.244,0.293,0,0.003,0.009,,0.281
DEMPSTER04_J5_mcmbad.vhdl,104,0,11.742ns,0.547,0.244,0.303,0,0.004,0.009,,0.29
DEMPSTER04_J5_tmcmad1.vhdl,86,0,10.826ns,0.507,0.244,0.263,0,0.003,0.008,,0.252
DEMPSTER04_J5_tmcmad2.vhdl,86,0,10.826ns,0.507,0.244,0.263,0,0.003,0.008,,0.252
DEMPSTER04_J5_tmcmad4.vhdl,97,0,9.624ns,0.513,0.244,0.269,0,0.003,0.008,,0.258
DEMPSTER04_K5_mcm.vhdl,137,0,9.059ns,0.547,0.244,0.303,0,0.004,0.01,,0.289
DEMPSTER04_K5_mcmad.vhdl,137,0,9.059ns,0.547,0.244,0.303,0,0.004,0.01,,0.289
DEMPSTER04_K5_mcmbad.vhdl,133,0,9.923ns,0.553,0.244,0.309,0,0.004,0.01,,0.295
DEMPSTER04_K5_tmcmad1.vhdl,80,0,8.563ns,0.432,0.243,0.188,0,0.003,0.007,,0.179
DEMPSTER04_K5_tmcmad2.vhdl,87,0,9.279ns,0.45,0.244,0.206,0,0.003,0.007,,0.196
DEMPSTER04_K5_tmcmad4.vhdl,113,0,9.482ns,0.521,0.244,0.277,0,0.004,0.01,,0.263
DEMPSTER04_L5_mcm.vhdl,150,0,9.134ns,0.576,0.244,0.332,0,0.005,0.011,,0.316
DEMPSTER04_L5_mcmad.vhdl,150,0,9.134ns,0.576,0.244,0.332,0,0.005,0.011,,0.316
DEMPSTER04_L5_mcmbad.vhdl,138,0,9.989ns,0.585,0.244,0.341,0,0.004,0.012,,0.325
DEMPSTER04_L5_tmcmad1.vhdl,,,,,,,,,,,
DEMPSTER04_L5_tmcmad2.vhdl,116,0,9.752ns,0.52,0.244,0.276,0,0.004,0.01,,0.262
DEMPSTER04_L5_tmcmad4.vhdl,130,0,9.327ns,0.55,0.244,0.306,0,0.005,0.011,,0.29
GAUSSIAN_3_mcm.vhdl,45,0,7.385ns,0.351,0.243,0.108,0,<0.001,0.002,,0.105
GAUSSIAN_3_mcmad.vhdl,45,0,7.385ns,0.351,0.243,0.108,0,<0.001,0.002,,0.105
GAUSSIAN_3_mcmbad.vhdl,41,0,7.305ns,0.348,0.243,0.105,0,<0.001,0.002,,0.103
GAUSSIAN_3_tmcmad1.vhdl,27,0,7.205ns,0.325,0.243,0.082,0,<0.001,0.002,,0.08
GAUSSIAN_3_tmcmad2.vhdl,26,0,7.578ns,0.319,0.243,0.076,0,<0.001,0.001,,0.074
GAUSSIAN_3_tmcmad4.vhdl,33,0,7.142ns,0.337,0.243,0.094,0,<0.001,0.002,,0.092
GAUSSIAN_5_mcm.vhdl,60,0,9.700ns,0.405,0.243,0.162,0,0.002,0.004,,0.156
GAUSSIAN_5_mcmad.vhdl,60,0,9.700ns,0.405,0.243,0.162,0,0.002,0.004,,0.156
GAUSSIAN_5_mcmbad.vhdl,58,0,8.937ns,0.412,0.243,0.169,0,0.002,0.004,,0.163
GAUSSIAN_5_tmcmad1.vhdl,44,0,9.267ns,0.378,0.243,0.135,0,0.001,0.003,,0.131
GAUSSIAN_5_tmcmad2.vhdl,37,0,8.136ns,0.356,0.243,0.113,0,0.001,0.003,,0.109
GAUSSIAN_5_tmcmad4.vhdl,52,0,9.024ns,0.4,0.243,0.157,0,0.002,0.004,,0.152
GOODMAN77_C7_mcm.vhdl,8,0,5.638ns,0.268,0.242,0.026,0,<0.001,<0.001,,0.025
GOODMAN77_C7_mcmad.vhdl,8,0,5.638ns,0.268,0.242,0.026,0,<0.001,<0.001,,0.025
GOODMAN77_C7_mcmbad.vhdl,8,0,5.638ns,0.268,0.242,0.026,0,<0.001,<0.001,,0.025
GOODMAN77_C7_tmcmad1.vhdl,8,0,5.638ns,0.268,0.242,0.026,0,<0.001,<0.001,,0.025
GOODMAN77_C7_tmcmad2.vhdl,8,0,5.638ns,0.268,0.242,0.026,0,<0.001,<0.001,,0.025
GOODMAN77_C7_tmcmad4.vhdl,8,0,5.638ns,0.268,0.242,0.026,0,<0.001,<0.001,,0.025
GOODMAN77_D7_mcm.vhdl,17,0,6.489ns,0.304,0.243,0.062,0,<0.001,0.001,,0.06
GOODMAN77_D7_mcmad.vhdl,17,0,6.489ns,0.304,0.243,0.062,0,<0.001,0.001,,0.06
GOODMAN77_D7_mcmbad.vhdl,17,0,6.489ns,0.304,0.243,0.062,0,<0.001,0.001,,0.06
GOODMAN77_D7_tmcmad1.vhdl,13,0,6.666ns,0.293,0.242,0.051,0,<0.001,<0.001,,0.049
GOODMAN77_D7_tmcmad2.vhdl,13,0,6.666ns,0.293,0.242,0.051,0,<0.001,<0.001,,0.049
GOODMAN77_D7_tmcmad4.vhdl,13,0,6.582ns,0.291,0.242,0.049,0,<0.001,<0.001,,0.048
GOODMAN77_E11_mcm.vhdl,32,0,7.959ns,0.355,0.243,0.113,0,<0.001,0.002,,0.109
GOODMAN77_E11_mcmad.vhdl,34,0,8.336ns,0.354,0.243,0.112,0,<0.001,0.002,,0.108
GOODMAN77_E11_mcmbad.vhdl,32,0,8.526ns,0.355,0.243,0.112,0,<0.001,0.002,,0.109
GOODMAN77_E11_tmcmad1.vhdl,30,0,8.086ns,0.351,0.243,0.108,0,<0.001,0.002,,0.105
GOODMAN77_E11_tmcmad2.vhdl,23,0,7.795ns,0.339,0.243,0.096,0,<0.001,0.002,,0.093
GOODMAN77_E11_tmcmad4.vhdl,29,0,8.134ns,0.351,0.243,0.108,0,<0.001,0.002,,0.105
GOODMAN77_F11_mcm.vhdl,55,0,8.546ns,0.397,0.243,0.154,0,0.001,0.004,,0.149
GOODMAN77_F11_mcmad.vhdl,55,0,8.546ns,0.397,0.243,0.154,0,0.001,0.004,,0.149
GOODMAN77_F11_mcmbad.vhdl,46,0,8.822ns,0.395,0.243,0.152,0,0.001,0.003,,0.147
GOODMAN77_F11_tmcmad1.vhdl,38,0,7.902ns,0.372,0.243,0.129,0,<0.001,0.003,,0.125
GOODMAN77_F11_tmcmad2.vhdl,37,0,8.039ns,0.377,0.243,0.134,0,0.001,0.003,,0.13
GOODMAN77_F11_tmcmad4.vhdl,46,0,8.077ns,0.398,0.243,0.155,0,0.001,0.004,,0.15
GOODMAN77_G11_mcm.vhdl,43,0,8.441ns,0.37,0.243,0.127,0,0.001,0.003,,0.122
GOODMAN77_G11_mcmad.vhdl,43,0,8.441ns,0.37,0.243,0.127,0,0.001,0.003,,0.122
GOODMAN77_G11_mcmbad.vhdl,40,0,8.059ns,0.367,0.243,0.124,0,0.001,0.003,,0.12
GOODMAN77_G11_tmcmad1.vhdl,31,0,8.113ns,0.336,0.243,0.093,0,<0.001,0.002,,0.09
GOODMAN77_G11_tmcmad2.vhdl,31,0,8.113ns,0.344,0.243,0.101,0,<0.001,0.002,,0.098
GOODMAN77_G11_tmcmad4.vhdl,36,0,8.147ns,0.355,0.243,0.112,0,0.001,0.003,,0.108
GOODMAN77_H15_mcm.vhdl,76,0,8.456ns,0.438,0.243,0.194,0,0.002,0.005,,0.188
GOODMAN77_H15_mcmad.vhdl,76,0,8.456ns,0.438,0.243,0.194,0,0.002,0.005,,0.188
GOODMAN77_H15_mcmbad.vhdl,68,0,9.445ns,0.438,0.243,0.195,0,0.002,0.005,,0.188
GOODMAN77_H15_tmcmad1.vhdl,55,0,8.193ns,0.406,0.243,0.162,0,0.001,0.004,,0.157
GOODMAN77_H15_tmcmad2.vhdl,54,0,8.351ns,0.403,0.243,0.16,0,0.001,0.004,,0.155
GOODMAN77_H15_tmcmad4.vhdl,67,0,9.144ns,0.435,0.243,0.192,0,0.002,0.005,,0.185
GOODMAN77_I19_mcm.vhdl,86,0,10.810ns,0.503,0.244,0.259,0,0.003,0.007,,0.249
GOODMAN77_I19_mcmad.vhdl,106,0,8.266ns,0.499,0.244,0.255,0,0.003,0.007,,0.246
GOODMAN77_I19_mcmbad.vhdl,99,0,8.548ns,0.5,0.244,0.256,0,0.003,0.006,,0.247
GOODMAN77_I19_tmcmad1.vhdl,58,0,8.322ns,0.42,0.243,0.177,0,0.002,0.004,,0.171
GOODMAN77_I19_tmcmad2.vhdl,73,0,8.648ns,0.45,0.244,0.207,0,0.002,0.005,,0.199
GOODMAN77_I19_tmcmad4.vhdl,93,0,8.393ns,0.487,0.244,0.243,0,0.003,0.006,,0.235
HIGHPASS_15_mcm.vhdl,122,0,10.207ns,0.635,0.245,0.39,0,0.002,0.009,,0.379
HIGHPASS_15_mcmad.vhdl,122,0,10.207ns,0.635,0.245,0.39,0,0.002,0.009,,0.379
HIGHPASS_15_mcmbad.vhdl,108,0,10.377ns,0.653,0.245,0.408,0,0.002,0.011,,0.394
HIGHPASS_15_tmcmad1.vhdl,62,0,9.842ns,0.507,0.244,0.263,0,0.001,0.006,,0.256
HIGHPASS_15_tmcmad2.vhdl,62,0,9.842ns,0.507,0.244,0.263,0,0.001,0.006,,0.256
HIGHPASS_15_tmcmad4.vhdl,100,0,10.477ns,0.605,0.245,0.361,0,0.002,0.008,,0.35
HIGHPASS_5_mcm.vhdl,42,0,7.506ns,0.361,0.243,0.118,0,<0.001,0.002,,0.115
HIGHPASS_5_mcmad.vhdl,42,0,7.506ns,0.361,0.243,0.118,0,<0.001,0.002,,0.115
HIGHPASS_5_mcmbad.vhdl,41,0,8.574ns,0.373,0.243,0.13,0,<0.001,0.003,,0.127
HIGHPASS_5_tmcmad1.vhdl,26,0,7.678ns,0.328,0.243,0.086,0,<0.001,0.002,,0.083
HIGHPASS_5_tmcmad2.vhdl,21,0,7.305ns,0.314,0.243,0.072,0,<0.001,0.001,,0.07
HIGHPASS_5_tmcmad4.vhdl,34,0,7.650ns,0.347,0.243,0.104,0,<0.001,0.002,,0.102
HIGHPASS_9_mcm.vhdl,50,0,7.859ns,0.398,0.243,0.154,0,<0.001,0.003,,0.15
HIGHPASS_9_mcmad.vhdl,50,0,7.859ns,0.398,0.243,0.154,0,<0.001,0.003,,0.15
HIGHPASS_9_mcmbad.vhdl,48,0,7.675ns,0.404,0.243,0.161,0,<0.001,0.003,,0.157
HIGHPASS_9_tmcmad1.vhdl,40,0,7.826ns,0.385,0.243,0.142,0,<0.001,0.003,,0.138
HIGHPASS_9_tmcmad2.vhdl,33,0,8.036ns,0.375,0.243,0.132,0,<0.001,0.003,,0.128
HIGHPASS_9_tmcmad4.vhdl,44,0,7.606ns,0.393,0.243,0.15,0,<0.001,0.003,,0.146
JAIN91_11_mcm.vhdl,25,0,6.450ns,0.318,0.243,0.075,0,<0.001,0.001,,0.074
JAIN91_11_mcmad.vhdl,25,0,6.450ns,0.318,0.243,0.075,0,<0.001,0.001,,0.074
JAIN91_11_mcmbad.vhdl,25,0,6.450ns,0.318,0.243,0.075,0,<0.001,0.001,,0.074
JAIN91_11_tmcmad1.vhdl,24,0,6.420ns,0.314,0.243,0.072,0,<0.001,0.001,,0.07
JAIN91_11_tmcmad2.vhdl,19,0,6.908ns,0.304,0.243,0.061,0,<0.001,0.001,,0.06
JAIN91_11_tmcmad4.vhdl,24,0,6.420ns,0.314,0.243,0.072,0,<0.001,0.001,,0.07
JANG02_11_mcm.vhdl,28,0,6.473ns,0.317,0.243,0.075,0,<0.001,0.001,,0.073
JANG02_11_mcmad.vhdl,28,0,6.473ns,0.317,0.243,0.075,0,<0.001,0.001,,0.073
JANG02_11_mcmbad.vhdl,25,0,7.220ns,0.324,0.243,0.081,0,<0.001,0.002,,0.079
JANG02_11_tmcmad1.vhdl,25,0,7.220ns,0.324,0.243,0.081,0,<0.001,0.002,,0.079
JANG02_11_tmcmad2.vhdl,13,0,7.161ns,0.294,0.243,0.051,0,<0.001,0.001,,0.05
JANG02_11_tmcmad4.vhdl,24,0,6.835ns,0.332,0.243,0.089,0,<0.001,0.002,,0.087
JHENG04_29A_mcm.vhdl,104,0,10.543ns,0.609,0.245,0.364,0,0.003,0.01,,0.351
JHENG04_29A_mcmad.vhdl,104,0,10.543ns,0.609,0.245,0.364,0,0.003,0.01,,0.351
JHENG04_29A_mcmbad.vhdl,95,0,10.814ns,0.612,0.245,0.367,0,0.003,0.011,,0.353
JHENG04_29A_tmcmad1.vhdl,69,0,8.792ns,0.517,0.244,0.273,0,0.002,0.008,,0.264
JHENG04_29A_tmcmad2.vhdl,67,0,10.232ns,0.518,0.244,0.274,0,0.002,0.008,,0.264
JHENG04_29A_tmcmad4.vhdl,92,0,10.513ns,0.578,0.244,0.333,0,0.002,0.01,,0.321
JHENG04_29B_mcm.vhdl,87,0,9.004ns,0.534,0.244,0.29,0,0.002,0.007,,0.281
JHENG04_29B_mcmad.vhdl,87,0,9.004ns,0.534,0.244,0.29,0,0.002,0.007,,0.281
JHENG04_29B_mcmbad.vhdl,81,0,10.495ns,0.566,0.244,0.321,0,0.002,0.008,,0.311
JHENG04_29B_tmcmad1.vhdl,82,0,8.376ns,0.53,0.244,0.286,0,0.002,0.007,,0.277
JHENG04_29B_tmcmad2.vhdl,67,0,8.748ns,0.496,0.244,0.252,0,0.002,0.006,,0.245
JHENG04_29B_tmcmad4.vhdl,82,0,10.566ns,0.557,0.244,0.312,0,0.002,0.009,,0.302
JHENG04_30_mcm.vhdl,89,0,8.406ns,0.525,0.244,0.281,0,0.002,0.007,,0.273
JHENG04_30_mcmad.vhdl,89,0,8.406ns,0.525,0.244,0.281,0,0.002,0.007,,0.273
JHENG04_30_mcmbad.vhdl,73,0,9.344ns,0.542,0.244,0.298,0,0.002,0.007,,0.289
JHENG04_30_tmcmad1.vhdl,68,0,9.534ns,0.526,0.244,0.282,0,0.002,0.008,,0.272
JHENG04_30_tmcmad2.vhdl,55,0,9.669ns,0.462,0.244,0.218,0,0.002,0.006,,0.21
JHENG04_30_tmcmad4.vhdl,74,0,9.337ns,0.543,0.244,0.298,0,0.002,0.008,,0.289
JOHANSSON08_28_mcm.vhdl,171,0,12.871ns,0.781,0.246,0.536,0,0.004,0.018,,0.513
JOHANSSON08_28_mcmad.vhdl,171,0,12.871ns,0.781,0.246,0.536,0,0.004,0.018,,0.513
JOHANSSON08_28_mcmbad.vhdl,157,0,14.235ns,0.788,0.246,0.542,0,0.004,0.017,,0.521
JOHANSSON08_28_tmcmad1.vhdl,113,0,11.075ns,0.679,0.245,0.433,0,0.003,0.014,,0.416
JOHANSSON08_28_tmcmad2.vhdl,100,0,10.807ns,0.649,0.245,0.404,0,0.003,0.012,,0.39
JOHANSSON08_28_tmcmad4.vhdl,144,0,11.721ns,0.745,0.246,0.5,0,0.004,0.017,,0.478
JOHANSSON08_30_mcm.vhdl,407,0,21.986ns,1.682,0.252,1.43,0,0.011,0.084,,1.336
JOHANSSON08_30_mcmad.vhdl,407,0,21.986ns,1.682,0.252,1.43,0,0.011,0.084,,1.336
JOHANSSON08_30_mcmbad.vhdl,356,0,22.927ns,1.702,0.252,1.449,0,0.01,0.09,,1.348
JOHANSSON08_30_tmcmad1.vhdl,280,0,21.797ns,1.402,0.25,1.152,0,0.009,0.058,,1.085
JOHANSSON08_30_tmcmad2.vhdl,280,0,21.797ns,1.402,0.25,1.152,0,0.009,0.058,,1.085
JOHANSSON08_30_tmcmad4.vhdl,363,0,23.233ns,1.67,0.252,1.418,0,0.011,0.079,,1.328
JOHANSSON08_A5_mcm.vhdl,64,0,8.294ns,0.455,0.244,0.211,0,0.002,0.005,,0.204
JOHANSSON08_A5_mcmad.vhdl,64,0,8.294ns,0.455,0.244,0.211,0,0.002,0.005,,0.204
JOHANSSON08_A5_mcmbad.vhdl,65,0,8.499ns,0.438,0.243,0.194,0,0.002,0.005,,0.187
JOHANSSON08_A5_tmcmad1.vhdl,50,0,8.503ns,0.406,0.243,0.163,0,0.002,0.004,,0.157
JOHANSSON08_A5_tmcmad2.vhdl,50,0,8.503ns,0.406,0.243,0.163,0,0.002,0.004,,0.157
JOHANSSON08_A5_tmcmad4.vhdl,63,0,8.817ns,0.432,0.243,0.188,0,0.002,0.005,,0.182
JOHANSSON08_B5_mcm.vhdl,92,0,9.524ns,0.502,0.244,0.258,0,0.002,0.007,,0.249
JOHANSSON08_B5_mcmad.vhdl,92,0,9.524ns,0.502,0.244,0.258,0,0.002,0.007,,0.249
JOHANSSON08_B5_mcmbad.vhdl,87,0,10.568ns,0.528,0.244,0.284,0,0.003,0.008,,0.273
JOHANSSON08_B5_tmcmad1.vhdl,70,0,9.306ns,0.455,0.244,0.211,0,0.002,0.006,,0.203
JOHANSSON08_B5_tmcmad2.vhdl,70,0,9.306ns,0.455,0.244,0.211,0,0.002,0.006,,0.203
JOHANSSON08_B5_tmcmad4.vhdl,83,0,10.258ns,0.505,0.244,0.261,0,0.003,0.008,,0.251
KWENTUS97_11_mcm.vhdl,32,0,7.959ns,0.355,0.243,0.113,0,<0.001,0.002,,0.109
KWENTUS97_11_mcmad.vhdl,34,0,8.336ns,0.354,0.243,0.112,0,<0.001,0.002,,0.108
KWENTUS97_11_mcmbad.vhdl,32,0,8.526ns,0.355,0.243,0.112,0,<0.001,0.002,,0.109
KWENTUS97_11_tmcmad1.vhdl,30,0,8.086ns,0.351,0.243,0.108,0,<0.001,0.002,,0.105
KWENTUS97_11_tmcmad2.vhdl,23,0,7.795ns,0.339,0.243,0.096,0,<0.001,0.002,,0.093
KWENTUS97_11_tmcmad4.vhdl,29,0,8.134ns,0.351,0.243,0.108,0,<0.001,0.002,,0.105
KWENTUS97_15_mcm.vhdl,48,0,8.614ns,0.384,0.243,0.141,0,0.001,0.003,,0.136
KWENTUS97_15_mcmad.vhdl,48,0,8.614ns,0.384,0.243,0.141,0,0.001,0.003,,0.136
KWENTUS97_15_mcmbad.vhdl,48,0,8.614ns,0.384,0.243,0.141,0,0.001,0.003,,0.136
KWENTUS97_15_tmcmad1.vhdl,42,0,8.521ns,0.373,0.243,0.13,0,0.001,0.003,,0.126
KWENTUS97_15_tmcmad2.vhdl,39,0,8.675ns,0.365,0.243,0.122,0,0.001,0.003,,0.118
KWENTUS97_15_tmcmad4.vhdl,46,0,8.181ns,0.38,0.243,0.137,0,0.001,0.003,,0.133
KWENTUS97_47_mcm.vhdl,247,0,14.257ns,0.915,0.247,0.668,0,0.006,0.021,,0.641
KWENTUS97_47_mcmad.vhdl,247,0,14.257ns,0.915,0.247,0.668,0,0.006,0.021,,0.641
KWENTUS97_47_mcmbad.vhdl,225,0,12.510ns,0.938,0.247,0.691,0,0.006,0.026,,0.659
KWENTUS97_47_tmcmad1.vhdl,140,0,11.297ns,0.702,0.245,0.457,0,0.004,0.016,,0.437
KWENTUS97_47_tmcmad2.vhdl,162,0,11.091ns,0.759,0.246,0.513,0,0.005,0.021,,0.488
KWENTUS97_47_tmcmad4.vhdl,220,0,10.726ns,0.88,0.246,0.633,0,0.006,0.023,,0.604
LAPLACIAN_3_mcm.vhdl,36,0,7.868ns,0.356,0.243,0.113,0,<0.001,0.002,,0.11
LAPLACIAN_3_mcmad.vhdl,36,0,7.868ns,0.356,0.243,0.113,0,<0.001,0.002,,0.11
LAPLACIAN_3_mcmbad.vhdl,33,0,8.377ns,0.352,0.243,0.109,0,<0.001,0.002,,0.107
LAPLACIAN_3_tmcmad1.vhdl,29,0,7.925ns,0.341,0.243,0.099,0,<0.001,0.002,,0.096
LAPLACIAN_3_tmcmad2.vhdl,29,0,7.925ns,0.341,0.243,0.099,0,<0.001,0.002,,0.096
LAPLACIAN_3_tmcmad4.vhdl,30,0,8.533ns,0.342,0.243,0.1,0,<0.001,0.002,,0.097
LIM83A_36_mcm.vhdl,49,0,7.145ns,0.371,0.243,0.128,0,<0.001,0.002,,0.125
LIM83A_36_mcmad.vhdl,49,0,7.145ns,0.371,0.243,0.128,0,<0.001,0.002,,0.125
LIM83A_36_mcmbad.vhdl,44,0,8.549ns,0.394,0.243,0.151,0,0.001,0.003,,0.147
LIM83A_36_tmcmad1.vhdl,45,0,8.632ns,0.407,0.243,0.163,0,0.001,0.004,,0.158
LIM83A_36_tmcmad2.vhdl,33,0,8.472ns,0.364,0.243,0.121,0,<0.001,0.003,,0.118
LIM83A_36_tmcmad4.vhdl,44,0,8.549ns,0.394,0.243,0.151,0,0.001,0.003,,0.147
LIM83_121_mcm.vhdl,687,0,33.351ns,2.825,0.261,2.564,0,0.019,0.144,,2.401
LIM83_121_mcmad.vhdl,687,0,33.351ns,2.825,0.261,2.564,0,0.019,0.144,,2.401
LIM83_121_mcmbad.vhdl,631,0,30.865ns,2.864,0.261,2.603,0,0.019,0.184,,2.4
LIM83_121_tmcmad1.vhdl,383,0,28.996ns,2.069,0.255,1.815,0,0.014,0.107,,1.694
LIM83_121_tmcmad2.vhdl,423,0,22.648ns,2.158,0.256,1.902,0,0.015,0.127,,1.761
LIM83_121_tmcmad4.vhdl,557,0,31.898ns,2.779,0.26,2.519,0,0.018,0.181,,2.32
LIM83_36_mcm.vhdl,48,0,7.243ns,0.37,0.243,0.127,0,<0.001,0.002,,0.124
LIM83_36_mcmad.vhdl,48,0,7.243ns,0.37,0.243,0.127,0,<0.001,0.002,,0.124
LIM83_36_mcmbad.vhdl,42,0,8.406ns,0.389,0.243,0.146,0,<0.001,0.003,,0.142
LIM83_36_tmcmad1.vhdl,42,0,8.406ns,0.389,0.243,0.146,0,<0.001,0.003,,0.142
LIM83_36_tmcmad2.vhdl,37,0,7.917ns,0.375,0.243,0.132,0,<0.001,0.003,,0.128
LIM83_36_tmcmad4.vhdl,42,0,8.406ns,0.389,0.243,0.146,0,<0.001,0.003,,0.142
LIM83_37_mcm.vhdl,51,0,7.192ns,0.373,0.243,0.13,0,<0.001,0.002,,0.127
LIM83_37_mcmad.vhdl,51,0,7.192ns,0.373,0.243,0.13,0,<0.001,0.002,,0.127
LIM83_37_mcmbad.vhdl,48,0,7.178ns,0.38,0.243,0.137,0,<0.001,0.002,,0.134
LIM83_37_tmcmad1.vhdl,45,0,7.267ns,0.373,0.243,0.13,0,<0.001,0.002,,0.126
LIM83_37_tmcmad2.vhdl,36,0,6.965ns,0.341,0.243,0.098,0,<0.001,0.002,,0.096
LIM83_37_tmcmad4.vhdl,47,0,7.173ns,0.379,0.243,0.136,0,<0.001,0.002,,0.133
LIM83_63_mcm.vhdl,257,0,16.484ns,1.288,0.249,1.039,0,0.009,0.051,,0.978
LIM83_63_mcmad.vhdl,254,0,12.854ns,1.083,0.248,0.835,0,0.006,0.027,,0.802
LIM83_63_mcmbad.vhdl,210,0,13.462ns,1.158,0.248,0.909,0,0.006,0.034,,0.869
LIM83_63_tmcmad1.vhdl,185,0,12.221ns,1.018,0.247,0.771,0,0.005,0.027,,0.738
LIM83_63_tmcmad2.vhdl,150,0,13.011ns,0.954,0.247,0.707,0,0.005,0.024,,0.678
LIM83_63_tmcmad4.vhdl,213,0,13.016ns,1.146,0.248,0.898,0,0.006,0.038,,0.853
LIMAKT08_121_mcm.vhdl,508,0,19.763ns,2.171,0.256,1.916,0,0.014,0.099,,1.803
LIMAKT08_121_mcmad.vhdl,508,0,19.763ns,2.171,0.256,1.916,0,0.014,0.099,,1.803
LIMAKT08_121_mcmbad.vhdl,432,0,22.325ns,2.202,0.256,1.946,0,0.012,0.122,,1.812
LIMAKT08_121_tmcmad1.vhdl,330,0,24.208ns,1.936,0.254,1.682,0,0.011,0.1,,1.571
LIMAKT08_121_tmcmad2.vhdl,366,0,21.553ns,1.901,0.254,1.647,0,0.012,0.096,,1.539
LIMAKT08_121_tmcmad4.vhdl,443,0,20.709ns,2.09,0.255,1.835,0,0.013,0.102,,1.72
LIMPASKO99_121_mcm.vhdl,670,0,24.842ns,2.772,0.26,2.512,0,0.019,0.14,,2.354
LIMPASKO99_121_mcmad.vhdl,670,0,24.842ns,2.772,0.26,2.512,0,0.019,0.14,,2.354
LIMPASKO99_121_mcmbad.vhdl,573,0,27.779ns,2.776,0.26,2.515,0,0.017,0.165,,2.334
LIMPASKO99_121_tmcmad1.vhdl,409,0,22.259ns,2.141,0.255,1.886,0,0.014,0.105,,1.767
LIMPASKO99_121_tmcmad2.vhdl,424,0,29.494ns,2.173,0.256,1.918,0,0.015,0.121,,1.782
LIMPASKO99_121_tmcmad4.vhdl,566,0,29.110ns,2.622,0.259,2.363,0,0.017,0.159,,2.188
LIMYU07_121_mcm.vhdl,571,0,29.068ns,2.353,0.257,2.096,0,0.016,0.119,,1.961
LIMYU07_121_mcmad.vhdl,571,0,29.068ns,2.353,0.257,2.096,0,0.016,0.119,,1.961
LIMYU07_121_mcmbad.vhdl,518,0,22.321ns,2.409,0.257,2.152,0,0.016,0.134,,2.002
LIMYU07_121_tmcmad1.vhdl,308,0,21.695ns,1.745,0.253,1.493,0,0.011,0.093,,1.389
LIMYU07_121_tmcmad2.vhdl,345,0,28.735ns,1.65,0.252,1.398,0,0.011,0.079,,1.308
LIMYU07_121_tmcmad4.vhdl,520,0,21.657ns,2.228,0.256,1.971,0,0.015,0.119,,1.837
LOWPASS_15_mcm.vhdl,315,0,20.979ns,1.529,0.251,1.278,0,0.011,0.07,,1.198
LOWPASS_15_mcmad.vhdl,305,0,17.182ns,1.383,0.25,1.133,0,0.008,0.051,,1.074
LOWPASS_15_mcmbad.vhdl,258,0,15.617ns,1.403,0.25,1.153,0,0.007,0.058,,1.087
LOWPASS_15_tmcmad1.vhdl,182,0,14.632ns,1.16,0.248,0.912,0,0.006,0.041,,0.865
LOWPASS_15_tmcmad2.vhdl,218,0,14.291ns,1.179,0.249,0.93,0,0.007,0.046,,0.877
LOWPASS_15_tmcmad4.vhdl,253,0,14.776ns,1.341,0.25,1.092,0,0.007,0.062,,1.022
LOWPASS_5_mcm.vhdl,68,0,9.099ns,0.449,0.244,0.206,0,0.002,0.005,,0.199
LOWPASS_5_mcmad.vhdl,68,0,9.099ns,0.449,0.244,0.206,0,0.002,0.005,,0.199
LOWPASS_5_mcmbad.vhdl,65,0,9.142ns,0.446,0.244,0.202,0,0.002,0.005,,0.196
LOWPASS_5_tmcmad1.vhdl,52,0,8.994ns,0.411,0.243,0.168,0,0.001,0.004,,0.163
LOWPASS_5_tmcmad2.vhdl,45,0,8.315ns,0.391,0.243,0.148,0,<0.001,0.003,,0.144
LOWPASS_5_tmcmad4.vhdl,58,0,8.895ns,0.43,0.243,0.187,0,0.002,0.004,,0.181
LOWPASS_9_mcm.vhdl,154,0,11.915ns,0.763,0.246,0.517,0,0.004,0.016,,0.497
LOWPASS_9_mcmad.vhdl,145,0,12.596ns,0.76,0.246,0.514,0,0.004,0.018,,0.492
LOWPASS_9_mcmbad.vhdl,138,0,12.439ns,0.739,0.246,0.494,0,0.004,0.018,,0.472
LOWPASS_9_tmcmad1.vhdl,95,0,11.379ns,0.589,0.244,0.345,0,0.003,0.013,,0.329
LOWPASS_9_tmcmad2.vhdl,95,0,11.379ns,0.589,0.244,0.345,0,0.003,0.013,,0.329
LOWPASS_9_tmcmad4.vhdl,118,0,11.367ns,0.686,0.245,0.441,0,0.003,0.016,,0.422
MARTINEZ02_4_mcm.vhdl,81,0,8.197ns,0.467,0.244,0.223,0,0.002,0.006,,0.215
MARTINEZ02_4_mcmad.vhdl,81,0,8.197ns,0.467,0.244,0.223,0,0.002,0.006,,0.215
MARTINEZ02_4_mcmbad.vhdl,74,0,9.551ns,0.476,0.244,0.232,0,0.002,0.007,,0.223
MARTINEZ02_4_tmcmad1.vhdl,64,0,8.809ns,0.438,0.243,0.194,0,0.002,0.006,,0.186
MARTINEZ02_4_tmcmad2.vhdl,64,0,8.809ns,0.438,0.243,0.194,0,0.002,0.006,,0.186
MARTINEZ02_4_tmcmad4.vhdl,70,0,9.749ns,0.46,0.244,0.217,0,0.002,0.006,,0.208
NIELSEN89_67A_mcm.vhdl,425,0,14.690ns,1.62,0.252,1.369,0,0.012,0.077,,1.28
NIELSEN89_67A_mcmad.vhdl,425,0,14.690ns,1.62,0.252,1.369,0,0.012,0.077,,1.28
NIELSEN89_67A_mcmbad.vhdl,397,0,18.569ns,1.618,0.252,1.366,0,0.012,0.076,,1.278
NIELSEN89_67A_tmcmad1.vhdl,213,0,16.123ns,1.154,0.248,0.905,0,0.007,0.054,,0.844
NIELSEN89_67A_tmcmad2.vhdl,265,0,17.571ns,1.241,0.249,0.992,0,0.009,0.05,,0.933
NIELSEN89_67A_tmcmad4.vhdl,355,0,16.347ns,1.562,0.251,1.311,0,0.011,0.082,,1.218
NIELSEN89_67B_mcm.vhdl,428,0,22.371ns,1.617,0.252,1.365,0,0.011,0.076,,1.278
NIELSEN89_67B_mcmad.vhdl,428,0,22.371ns,1.617,0.252,1.365,0,0.011,0.076,,1.278
NIELSEN89_67B_mcmbad.vhdl,422,0,19.553ns,1.625,0.252,1.374,0,0.011,0.079,,1.283
NIELSEN89_67B_tmcmad1.vhdl,211,0,22.236ns,1.159,0.248,0.91,0,0.007,0.053,,0.85
NIELSEN89_67B_tmcmad2.vhdl,279,0,20.892ns,1.281,0.249,1.032,0,0.009,0.063,,0.96
NIELSEN89_67B_tmcmad4.vhdl,366,0,24.024ns,1.616,0.252,1.364,0,0.012,0.089,,1.263
POTKONJAK96_4_mcm.vhdl,81,0,8.197ns,0.467,0.244,0.223,0,0.002,0.006,,0.215
POTKONJAK96_4_mcmad.vhdl,81,0,8.197ns,0.467,0.244,0.223,0,0.002,0.006,,0.215
POTKONJAK96_4_mcmbad.vhdl,74,0,9.551ns,0.476,0.244,0.232,0,0.002,0.007,,0.223
POTKONJAK96_4_tmcmad1.vhdl,62,0,8.262ns,0.408,0.243,0.165,0,0.002,0.005,,0.158
POTKONJAK96_4_tmcmad2.vhdl,62,0,8.262ns,0.408,0.243,0.165,0,0.002,0.005,,0.158
POTKONJAK96_4_tmcmad4.vhdl,70,0,9.749ns,0.46,0.244,0.217,0,0.002,0.006,,0.208
ROSA04_49_mcm.vhdl,108,0,11.203ns,0.637,0.245,0.392,0,0.002,0.01,,0.379
ROSA04_49_mcmad.vhdl,108,0,11.203ns,0.637,0.245,0.392,0,0.002,0.01,,0.379
ROSA04_49_mcmbad.vhdl,102,0,11.922ns,0.659,0.245,0.414,0,0.003,0.012,,0.399
ROSA04_49_tmcmad1.vhdl,89,0,9.713ns,0.596,0.245,0.352,0,0.002,0.011,,0.338
ROSA04_49_tmcmad2.vhdl,81,0,9.627ns,0.579,0.244,0.334,0,0.002,0.01,,0.322
ROSA04_49_tmcmad4.vhdl,97,0,9.244ns,0.606,0.245,0.361,0,0.002,0.01,,0.349
SAMUELI89_60_mcm.vhdl,307,0,17.457ns,1.316,0.25,1.067,0,0.007,0.04,,1.019
SAMUELI89_60_mcmad.vhdl,307,0,17.457ns,1.316,0.25,1.067,0,0.007,0.04,,1.019
SAMUELI89_60_mcmbad.vhdl,281,0,19.526ns,1.359,0.25,1.109,0,0.008,0.051,,1.051
SAMUELI89_60_tmcmad1.vhdl,189,0,14.468ns,1.036,0.248,0.788,0,0.006,0.038,,0.745
SAMUELI89_60_tmcmad2.vhdl,233,0,15.579ns,1.168,0.248,0.919,0,0.006,0.04,,0.873
SAMUELI89_60_tmcmad4.vhdl,281,0,17.692ns,1.377,0.25,1.127,0,0.008,0.059,,1.06
SHAHEIN11_B_mcm.vhdl,108,0,9.576ns,0.572,0.244,0.328,0,0.002,0.007,,0.319
SHAHEIN11_B_mcmad.vhdl,108,0,9.576ns,0.572,0.244,0.328,0,0.002,0.007,,0.319
SHAHEIN11_B_mcmbad.vhdl,89,0,10.293ns,0.598,0.245,0.353,0,0.002,0.009,,0.341
SHAHEIN11_B_tmcmad1.vhdl,85,0,10.397ns,0.562,0.244,0.318,0,0.002,0.009,,0.307
SHAHEIN11_B_tmcmad2.vhdl,79,0,9.718ns,0.572,0.244,0.327,0,0.002,0.008,,0.317
SHAHEIN11_B_tmcmad4.vhdl,89,0,10.040ns,0.597,0.245,0.352,0,0.002,0.009,,0.34
SHAHEIN11_S2_mcm.vhdl,206,0,11.853ns,0.986,0.247,0.739,0,0.005,0.026,,0.709
SHAHEIN11_S2_mcmad.vhdl,206,0,11.853ns,0.986,0.247,0.739,0,0.005,0.026,,0.709
SHAHEIN11_S2_mcmbad.vhdl,187,0,14.914ns,1.004,0.247,0.757,0,0.005,0.029,,0.722
SHAHEIN11_S2_tmcmad1.vhdl,175,0,12.384ns,0.932,0.247,0.685,0,0.005,0.024,,0.656
SHAHEIN11_S2_tmcmad2.vhdl,160,0,11.837ns,0.886,0.247,0.639,0,0.004,0.022,,0.613
SHAHEIN11_S2_tmcmad4.vhdl,188,0,12.304ns,1,0.247,0.753,0,0.005,0.032,,0.716
SHI11_A_mcm.vhdl,193,0,11.482ns,0.894,0.247,0.648,0,0.006,0.026,,0.616
SHI11_A_mcmad.vhdl,193,0,11.482ns,0.894,0.247,0.648,0,0.006,0.026,,0.616
SHI11_A_mcmbad.vhdl,160,0,12.881ns,0.867,0.246,0.621,0,0.005,0.022,,0.595
SHI11_A_tmcmad1.vhdl,130,0,12.404ns,0.755,0.246,0.509,0,0.004,0.015,,0.49
SHI11_A_tmcmad2.vhdl,130,0,12.404ns,0.755,0.246,0.509,0,0.004,0.015,,0.49
SHI11_A_tmcmad4.vhdl,162,0,11.142ns,0.866,0.246,0.62,0,0.005,0.019,,0.596
SHI11_G1_mcm.vhdl,17,0,6.489ns,0.304,0.243,0.062,0,<0.001,0.001,,0.06
SHI11_G1_mcmad.vhdl,17,0,6.489ns,0.304,0.243,0.062,0,<0.001,0.001,,0.06
SHI11_G1_mcmbad.vhdl,17,0,6.489ns,0.304,0.243,0.062,0,<0.001,0.001,,0.06
SHI11_G1_tmcmad1.vhdl,14,0,6.607ns,0.295,0.243,0.052,0,<0.001,<0.001,,0.051
SHI11_G1_tmcmad2.vhdl,11,0,5.920ns,0.285,0.242,0.043,0,<0.001,<0.001,,0.042
SHI11_G1_tmcmad4.vhdl,17,0,6.489ns,0.304,0.243,0.062,0,<0.001,0.001,,0.06
SHI11_L2_mcm.vhdl,198,0,13.235ns,0.949,0.247,0.702,0,0.005,0.023,,0.674
SHI11_L2_mcmad.vhdl,198,0,13.235ns,0.949,0.247,0.702,0,0.005,0.023,,0.674
SHI11_L2_mcmbad.vhdl,172,0,14.883ns,0.993,0.247,0.745,0,0.005,0.028,,0.713
SHI11_L2_tmcmad1.vhdl,141,0,14.675ns,0.818,0.246,0.572,0,0.005,0.024,,0.543
SHI11_L2_tmcmad2.vhdl,141,0,14.675ns,0.818,0.246,0.572,0,0.005,0.024,,0.543
SHI11_L2_tmcmad4.vhdl,169,0,14.386ns,0.979,0.247,0.732,0,0.005,0.027,,0.7
SHI11_S1_A_mcm.vhdl,36,0,7.126ns,0.354,0.243,0.112,0,<0.001,0.002,,0.109
SHI11_S1_A_mcmad.vhdl,36,0,7.126ns,0.354,0.243,0.112,0,<0.001,0.002,,0.109
SHI11_S1_A_mcmbad.vhdl,34,0,7.186ns,0.353,0.243,0.11,0,<0.001,0.002,,0.107
SHI11_S1_A_tmcmad1.vhdl,33,0,7.332ns,0.345,0.243,0.103,0,<0.001,0.002,,0.1
SHI11_S1_A_tmcmad2.vhdl,21,0,6.709ns,0.317,0.243,0.075,0,<0.001,0.001,,0.073
SHI11_S1_A_tmcmad4.vhdl,34,0,7.186ns,0.353,0.243,0.11,0,<0.001,0.002,,0.107
SHI11_S1_B_mcm.vhdl,48,0,7.523ns,0.373,0.243,0.13,0,<0.001,0.002,,0.127
SHI11_S1_B_mcmad.vhdl,48,0,7.523ns,0.373,0.243,0.13,0,<0.001,0.002,,0.127
SHI11_S1_B_mcmbad.vhdl,42,0,7.953ns,0.392,0.243,0.148,0,<0.001,0.003,,0.145
SHI11_S1_B_tmcmad1.vhdl,30,0,7.494ns,0.347,0.243,0.104,0,<0.001,0.002,,0.102
SHI11_S1_B_tmcmad2.vhdl,24,0,7.197ns,0.328,0.243,0.085,0,<0.001,0.001,,0.084
SHI11_S1_B_tmcmad4.vhdl,42,0,7.953ns,0.391,0.243,0.147,0,<0.001,0.003,,0.144
SHI11_S2_mcm.vhdl,220,0,15.148ns,0.997,0.247,0.75,0,0.006,0.03,,0.714
SHI11_S2_mcmad.vhdl,220,0,15.148ns,0.997,0.247,0.75,0,0.006,0.03,,0.714
SHI11_S2_mcmbad.vhdl,184,0,16.063ns,1.005,0.247,0.758,0,0.006,0.033,,0.719
SHI11_S2_tmcmad1.vhdl,148,0,12.434ns,0.85,0.246,0.603,0,0.004,0.028,,0.571
SHI11_S2_tmcmad2.vhdl,148,0,12.434ns,0.85,0.246,0.603,0,0.004,0.028,,0.571
SHI11_S2_tmcmad4.vhdl,189,0,13.435ns,0.993,0.247,0.746,0,0.006,0.033,,0.707
SHI11_X1_mcm.vhdl,61,0,8.188ns,0.408,0.243,0.165,0,0.001,0.004,,0.16
SHI11_X1_mcmad.vhdl,61,0,8.188ns,0.408,0.243,0.165,0,0.001,0.004,,0.16
SHI11_X1_mcmbad.vhdl,58,0,9.641ns,0.413,0.243,0.17,0,0.001,0.004,,0.164
SHI11_X1_tmcmad1.vhdl,49,0,8.778ns,0.395,0.243,0.151,0,0.001,0.004,,0.146
SHI11_X1_tmcmad2.vhdl,52,0,8.559ns,0.401,0.243,0.158,0,0.001,0.004,,0.152
SHI11_X1_tmcmad4.vhdl,52,0,7.875ns,0.395,0.243,0.152,0,0.001,0.004,,0.148
SHI11_Y1_mcm.vhdl,79,0,9.528ns,0.517,0.244,0.273,0,0.002,0.007,,0.264
SHI11_Y1_mcmad.vhdl,79,0,9.528ns,0.517,0.244,0.273,0,0.002,0.007,,0.264
SHI11_Y1_mcmbad.vhdl,79,0,9.528ns,0.517,0.244,0.273,0,0.002,0.007,,0.264
SHI11_Y1_tmcmad1.vhdl,57,0,9.172ns,0.46,0.244,0.216,0,0.002,0.006,,0.209
SHI11_Y1_tmcmad2.vhdl,57,0,9.172ns,0.46,0.244,0.216,0,0.002,0.006,,0.209
SHI11_Y1_tmcmad4.vhdl,73,0,9.104ns,0.507,0.244,0.263,0,0.002,0.007,,0.254
SHI11_Y2_mcm.vhdl,119,0,11.730ns,0.685,0.245,0.44,0,0.004,0.014,,0.423
SHI11_Y2_mcmad.vhdl,116,0,11.028ns,0.677,0.245,0.431,0,0.003,0.013,,0.415
SHI11_Y2_mcmbad.vhdl,97,0,11.098ns,0.666,0.245,0.421,0,0.003,0.012,,0.406
SHI11_Y2_tmcmad1.vhdl,92,0,10.663ns,0.645,0.245,0.4,0,0.003,0.012,,0.385
SHI11_Y2_tmcmad2.vhdl,85,0,10.491ns,0.635,0.245,0.39,0,0.003,0.012,,0.375
SHI11_Y2_tmcmad4.vhdl,97,0,11.098ns,0.666,0.245,0.421,0,0.003,0.012,,0.406
UNSHARP_3-1_mcm.vhdl,33,0,7.372ns,0.343,0.243,0.101,0,<0.001,0.002,,0.098
UNSHARP_3-1_mcmad.vhdl,33,0,7.372ns,0.343,0.243,0.101,0,<0.001,0.002,,0.098
UNSHARP_3-1_mcmbad.vhdl,33,0,7.372ns,0.343,0.243,0.101,0,<0.001,0.002,,0.098
UNSHARP_3-1_tmcmad1.vhdl,17,0,6.479ns,0.304,0.243,0.061,0,<0.001,0.001,,0.06
UNSHARP_3-1_tmcmad2.vhdl,13,0,6.456ns,0.298,0.243,0.056,0,<0.001,<0.001,,0.054
UNSHARP_3-1_tmcmad4.vhdl,27,0,7.100ns,0.325,0.243,0.082,0,<0.001,0.002,,0.08
UNSHARP_3-2_mcm.vhdl,58,0,8.937ns,0.406,0.243,0.163,0,0.002,0.004,,0.157
UNSHARP_3-2_mcmad.vhdl,58,0,8.937ns,0.406,0.243,0.163,0,0.002,0.004,,0.157
UNSHARP_3-2_mcmbad.vhdl,49,0,9.625ns,0.405,0.243,0.162,0,0.001,0.004,,0.157
UNSHARP_3-2_tmcmad1.vhdl,32,0,8.967ns,0.341,0.243,0.098,0,0.001,0.003,,0.094
UNSHARP_3-2_tmcmad2.vhdl,35,0,9.474ns,0.361,0.243,0.118,0,0.001,0.003,,0.114
UNSHARP_3-2_tmcmad4.vhdl,46,0,9.239ns,0.387,0.243,0.144,0,0.001,0.003,,0.139
VINOD03_15_mcm.vhdl,77,0,9.915ns,0.461,0.244,0.217,0,0.003,0.006,,0.209
VINOD03_15_mcmad.vhdl,78,0,9.936ns,0.446,0.244,0.202,0,0.002,0.005,,0.195
VINOD03_15_mcmbad.vhdl,78,0,9.933ns,0.446,0.244,0.202,0,0.002,0.005,,0.195
VINOD03_15_tmcmad1.vhdl,53,0,9.807ns,0.407,0.243,0.164,0,0.002,0.004,,0.157
VINOD03_15_tmcmad2.vhdl,40,0,9.273ns,0.398,0.243,0.155,0,0.001,0.004,,0.15
VINOD03_15_tmcmad4.vhdl,76,0,10.244ns,0.441,0.243,0.197,0,0.002,0.005,,0.19
VINOD03_26A_mcm.vhdl,70,0,8.370ns,0.462,0.244,0.218,0,0.001,0.005,,0.212
VINOD03_26A_mcmad.vhdl,70,0,8.370ns,0.462,0.244,0.218,0,0.001,0.005,,0.212
VINOD03_26A_mcmbad.vhdl,61,0,9.491ns,0.492,0.244,0.248,0,0.002,0.006,,0.24
VINOD03_26A_tmcmad1.vhdl,56,0,10.404ns,0.489,0.244,0.245,0,0.002,0.006,,0.237
VINOD03_26A_tmcmad2.vhdl,56,0,9.121ns,0.469,0.244,0.226,0,0.001,0.005,,0.219
VINOD03_26A_tmcmad4.vhdl,61,0,9.491ns,0.492,0.244,0.248,0,0.002,0.006,,0.24
VINOD03_26B_mcm.vhdl,285,0,14.269ns,1.087,0.248,0.839,0,0.009,0.045,,0.785
VINOD03_26B_mcmad.vhdl,285,0,14.269ns,1.087,0.248,0.839,0,0.009,0.045,,0.785
VINOD03_26B_mcmbad.vhdl,283,0,14.464ns,1.082,0.248,0.834,0,0.009,0.044,,0.781
VINOD03_26B_tmcmad1.vhdl,164,0,12.421ns,0.831,0.246,0.585,0,0.006,0.028,,0.551
VINOD03_26B_tmcmad2.vhdl,183,0,15.083ns,0.878,0.246,0.631,0,0.007,0.029,,0.596
VINOD03_26B_tmcmad4.vhdl,260,0,14.453ns,1.036,0.248,0.789,0,0.009,0.042,,0.738
XU07_15_mcm.vhdl,65,0,9.892ns,0.436,0.243,0.192,0,0.002,0.005,,0.185
XU07_15_mcmad.vhdl,70,0,8.982ns,0.436,0.243,0.193,0,0.002,0.005,,0.186
XU07_15_mcmbad.vhdl,65,0,9.892ns,0.436,0.243,0.192,0,0.002,0.005,,0.185
XU07_15_tmcmad1.vhdl,43,0,9.696ns,0.412,0.243,0.169,0,0.001,0.004,,0.163
XU07_15_tmcmad2.vhdl,45,0,9.608ns,0.398,0.243,0.155,0,0.001,0.004,,0.15
XU07_15_tmcmad4.vhdl,58,0,9.717ns,0.422,0.243,0.178,0,0.002,0.005,,0.172
XU07_28_mcm.vhdl,,,,,,,,,,,
XU07_28_mcmad.vhdl,87,0,9.595ns,0.581,0.244,0.337,0,0.002,0.01,,0.325
XU07_28_mcmbad.vhdl,84,0,10.440ns,0.587,0.244,0.342,0,0.003,0.01,,0.329
XU07_28_tmcmad1.vhdl,66,0,10.432ns,0.541,0.244,0.297,0,0.003,0.01,,0.284
XU07_28_tmcmad2.vhdl,66,0,12.244ns,0.521,0.244,0.277,0,0.002,0.007,,0.268
XU07_28_tmcmad4.vhdl,80,0,11.133ns,0.57,0.244,0.326,0,0.002,0.009,,0.314
YEUNG04_40_mcm.vhdl,413,0,13.907ns,1.467,0.251,1.216,0,0.012,0.079,,1.125
YEUNG04_40_mcmad.vhdl,413,0,13.907ns,1.467,0.251,1.216,0,0.012,0.079,,1.125
YEUNG04_40_mcmbad.vhdl,403,0,13.536ns,1.486,0.251,1.235,0,0.013,0.081,,1.142
YEUNG04_40_tmcmad1.vhdl,,,,,,,,,,,
YEUNG04_40_tmcmad2.vhdl,282,0,12.830ns,1.151,0.248,0.902,0,0.009,0.054,,0.839
YEUNG04_40_tmcmad4.vhdl,378,0,14.586ns,1.367,0.25,1.117,0,0.012,0.066,,1.039
YLI01_30_mcm.vhdl,89,0,9.517ns,0.489,0.244,0.245,0,0.002,0.006,,0.237
YLI01_30_mcmad.vhdl,89,0,9.517ns,0.489,0.244,0.245,0,0.002,0.006,,0.237
YLI01_30_mcmbad.vhdl,72,0,9.653ns,0.509,0.244,0.265,0,0.002,0.007,,0.256
YLI01_30_tmcmad1.vhdl,51,0,8.881ns,0.435,0.243,0.192,0,0.001,0.004,,0.186
YLI01_30_tmcmad2.vhdl,51,0,8.881ns,0.435,0.243,0.192,0,0.001,0.004,,0.186
YLI01_30_tmcmad4.vhdl,71,0,9.651ns,0.49,0.244,0.246,0,0.002,0.006,,0.238
YOSHINO90_64_mcm.vhdl,302,0,17.195ns,1.3,0.249,1.051,0,0.008,0.043,,1
YOSHINO90_64_mcmad.vhdl,302,0,17.195ns,1.3,0.249,1.051,0,0.008,0.043,,1
YOSHINO90_64_mcmbad.vhdl,250,0,14.985ns,1.375,0.25,1.125,0,0.007,0.063,,1.054
YOSHINO90_64_tmcmad1.vhdl,225,0,15.052ns,1.211,0.249,0.962,0,0.007,0.045,,0.91
YOSHINO90_64_tmcmad2.vhdl,195,0,15.328ns,1.085,0.248,0.837,0,0.006,0.039,,0.792
YOSHINO90_64_tmcmad4.vhdl,256,0,14.969ns,1.275,0.249,1.025,0,0.007,0.054,,0.965
ZAHOSAM89_25_mcm.vhdl,64,0,7.347ns,0.427,0.243,0.184,0,0.001,0.004,,0.178
ZAHOSAM89_25_mcmad.vhdl,64,0,7.347ns,0.427,0.243,0.184,0,0.001,0.004,,0.178
ZAHOSAM89_25_mcmbad.vhdl,58,0,7.963ns,0.436,0.243,0.193,0,0.001,0.004,,0.187
ZAHOSAM89_25_tmcmad1.vhdl,48,0,8.137ns,0.402,0.243,0.159,0,<0.001,0.003,,0.155
ZAHOSAM89_25_tmcmad2.vhdl,45,0,8.238ns,0.405,0.243,0.162,0,0.001,0.004,,0.157
ZAHOSAM89_25_tmcmad4.vhdl,51,0,8.202ns,0.427,0.243,0.184,0,0.001,0.004,,0.178
